id,activitydate,totalsteps,totaldistance,trackerdistance,loggedactivitiesdistance,calories
1503960366,4/12/2016,13162,8.5,8.5,0.0,1985
1503960366,4/13/2016,10735,6.97,6.97,0.0,1797
1503960366,4/14/2016,10460,6.74,6.74,0.0,1776
1503960366,4/15/2016,9762,6.28,6.28,0.0,1745
1503960366,4/16/2016,12669,8.16,8.16,0.0,1863
1503960366,4/17/2016,9705,6.48,6.48,0.0,1728
1503960366,4/18/2016,13019,8.59,8.59,0.0,1921
1503960366,4/19/2016,15506,9.88,9.88,0.0,2035
1503960366,4/20/2016,10544,6.68,6.68,0.0,1786
1503960366,4/21/2016,9819,6.34,6.34,0.0,1775
1503960366,4/22/2016,12764,8.13,8.13,0.0,1827
1503960366,4/23/2016,14371,9.04,9.04,0.0,1949
1503960366,4/24/2016,10039,6.41,6.41,0.0,1788
1503960366,4/25/2016,15355,9.8,9.8,0.0,2013
1503960366,4/26/2016,13755,8.79,8.79,0.0,1970
1503960366,4/27/2016,18134,12.21,12.21,0.0,2159
1503960366,4/28/2016,13154,8.53,8.53,0.0,1898
1503960366,4/29/2016,11181,7.15,7.15,0.0,1837
1503960366,4/30/2016,14673,9.25,9.25,0.0,1947
1503960366,5/1/2016,10602,6.81,6.81,0.0,1820
1503960366,5/2/2016,14727,9.71,9.71,0.0,2004
1503960366,5/3/2016,15103,9.66,9.66,0.0,1990
1503960366,5/4/2016,11100,7.15,7.15,0.0,1819
1503960366,5/5/2016,14070,8.9,8.9,0.0,1959
1503960366,5/6/2016,12159,8.03,8.03,0.0,1896
1503960366,5/7/2016,11992,7.71,7.71,0.0,1821
1503960366,5/8/2016,10060,6.58,6.58,0.0,1740
1503960366,5/9/2016,12022,7.72,7.72,0.0,1819
1503960366,5/10/2016,12207,7.77,7.77,0.0,1859
1503960366,5/11/2016,12770,8.13,8.13,0.0,1783
1503960366,5/12/2016,0,0.0,0.0,0.0,0
1624580081,4/12/2016,8163,5.31,5.31,0.0,1432
1624580081,4/13/2016,7007,4.55,4.55,0.0,1411
1624580081,4/14/2016,9107,5.92,5.92,0.0,1572
1624580081,4/15/2016,1510,0.98,0.98,0.0,1344
1624580081,4/16/2016,5370,3.49,3.49,0.0,1463
1624580081,4/17/2016,6175,4.06,4.06,0.0,1554
1624580081,4/18/2016,10536,7.41,7.41,0.0,1604
1624580081,4/19/2016,2916,1.9,1.9,0.0,1435
1624580081,4/20/2016,4974,3.23,3.23,0.0,1446
1624580081,4/21/2016,6349,4.13,4.13,0.0,1467
1624580081,4/22/2016,4026,2.62,2.62,0.0,1470
1624580081,4/23/2016,8538,5.55,5.55,0.0,1562
1624580081,4/24/2016,6076,3.95,3.95,0.0,1617
1624580081,4/25/2016,6497,4.22,4.22,0.0,1492
1624580081,4/26/2016,2826,1.84,1.84,0.0,1402
1624580081,4/27/2016,8367,5.44,5.44,0.0,1670
1624580081,4/28/2016,2759,1.79,1.79,0.0,1401
1624580081,4/29/2016,2390,1.55,1.55,0.0,1404
1624580081,4/30/2016,6474,4.3,4.3,0.0,1655
1624580081,5/1/2016,36019,28.03,28.03,0.0,2690
1624580081,5/2/2016,7155,4.93,4.93,0.0,1497
1624580081,5/3/2016,2100,1.37,1.37,0.0,1334
1624580081,5/4/2016,2193,1.43,1.43,0.0,1368
1624580081,5/5/2016,2470,1.61,1.61,0.0,1370
1624580081,5/6/2016,1727,1.12,1.12,0.0,1341
1624580081,5/7/2016,2104,1.37,1.37,0.0,1474
1624580081,5/8/2016,3427,2.23,2.23,0.0,1427
1624580081,5/9/2016,1732,1.13,1.13,0.0,1328
1624580081,5/10/2016,2969,1.93,1.93,0.0,1393
1624580081,5/11/2016,3134,2.04,2.04,0.0,1359
1624580081,5/12/2016,2971,1.93,1.93,0.0,1002
1644430081,4/12/2016,10694,7.77,7.77,0.0,3199
1644430081,4/13/2016,8001,5.82,5.82,0.0,2902
1644430081,4/14/2016,11037,8.02,8.02,0.0,3226
1644430081,4/15/2016,5263,3.83,3.83,0.0,2750
1644430081,4/16/2016,15300,11.12,11.12,0.0,3493
1644430081,4/17/2016,8757,6.37,6.37,0.0,3011
1644430081,4/18/2016,7132,5.19,5.19,0.0,2806
1644430081,4/19/2016,11256,8.18,8.18,0.0,3300
1644430081,4/20/2016,2436,1.77,1.77,0.0,2430
1644430081,4/21/2016,1223,0.89,0.89,0.0,2140
1644430081,4/22/2016,3673,2.67,2.67,0.0,2344
1644430081,4/23/2016,6637,4.83,4.83,0.0,2677
1644430081,4/24/2016,3321,2.41,2.41,0.0,2413
1644430081,4/25/2016,3580,2.6,2.6,0.0,2497
1644430081,4/26/2016,9919,7.21,7.21,0.0,3123
1644430081,4/27/2016,3032,2.2,2.2,0.0,2489
1644430081,4/28/2016,9405,6.84,6.84,0.0,3108
1644430081,4/29/2016,3176,2.31,2.31,0.0,2498
1644430081,4/30/2016,18213,13.24,13.24,0.0,3846
1644430081,5/1/2016,6132,4.46,4.46,0.0,2696
1644430081,5/2/2016,3758,2.73,2.73,0.0,2580
1644430081,5/3/2016,12850,9.34,9.34,0.0,3324
1644430081,5/4/2016,2309,1.68,1.68,0.0,2222
1644430081,5/5/2016,4363,3.19,3.19,0.0,2463
1644430081,5/6/2016,9787,7.12,7.12,0.0,3328
1644430081,5/7/2016,13372,9.72,9.72,0.0,3404
1644430081,5/8/2016,6724,4.89,4.89,0.0,2987
1644430081,5/9/2016,6643,4.83,4.83,0.0,3008
1644430081,5/10/2016,9167,6.66,6.66,0.0,2799
1644430081,5/11/2016,1329,0.97,0.97,0.0,1276
1844505072,4/12/2016,6697,4.43,4.43,0.0,2030
1844505072,4/13/2016,4929,3.26,3.26,0.0,1860
1844505072,4/14/2016,7937,5.25,5.25,0.0,2130
1844505072,4/15/2016,3844,2.54,2.54,0.0,1725
1844505072,4/16/2016,3414,2.26,2.26,0.0,1657
1844505072,4/17/2016,4525,2.99,2.99,0.0,1793
1844505072,4/18/2016,4597,3.04,3.04,0.0,1814
1844505072,4/19/2016,197,0.13,0.13,0.0,1366
1844505072,4/20/2016,8,0.01,0.01,0.0,1349
1844505072,4/21/2016,8054,5.32,5.32,0.0,2062
1844505072,4/22/2016,5372,3.55,3.55,0.0,1827
1844505072,4/23/2016,3570,2.36,2.36,0.0,1645
1844505072,4/24/2016,0,0.0,0.0,0.0,1347
1844505072,4/25/2016,0,0.0,0.0,0.0,1347
1844505072,4/26/2016,0,0.0,0.0,0.0,1347
1844505072,4/27/2016,4,0.0,0.0,0.0,1348
1844505072,4/28/2016,6907,4.57,4.57,0.0,1992
1844505072,4/29/2016,4920,3.25,3.25,0.0,1856
1844505072,4/30/2016,4014,2.67,2.67,0.0,1763
1844505072,5/1/2016,2573,1.7,1.7,0.0,1541
1844505072,5/2/2016,0,0.0,0.0,0.0,1348
1844505072,5/3/2016,4059,2.68,2.68,0.0,1742
1844505072,5/4/2016,2080,1.37,1.37,0.0,1549
1844505072,5/5/2016,2237,1.48,1.48,0.0,1589
1844505072,5/6/2016,44,0.03,0.03,0.0,1351
1844505072,5/7/2016,0,0.0,0.0,0.0,1347
1844505072,5/8/2016,0,0.0,0.0,0.0,1347
1844505072,5/9/2016,0,0.0,0.0,0.0,1347
1844505072,5/10/2016,0,0.0,0.0,0.0,1347
1844505072,5/11/2016,0,0.0,0.0,0.0,1347
1844505072,5/12/2016,0,0.0,0.0,0.0,665
1927972279,4/12/2016,678,0.47,0.47,0.0,2220
1927972279,4/13/2016,356,0.25,0.25,0.0,2151
1927972279,4/14/2016,2163,1.5,1.5,0.0,2383
1927972279,4/15/2016,980,0.68,0.68,0.0,2221
1927972279,4/16/2016,0,0.0,0.0,0.0,2064
1927972279,4/17/2016,0,0.0,0.0,0.0,2063
1927972279,4/18/2016,244,0.17,0.17,0.0,2111
1927972279,4/19/2016,0,0.0,0.0,0.0,2063
1927972279,4/20/2016,0,0.0,0.0,0.0,2063
1927972279,4/21/2016,0,0.0,0.0,0.0,2064
1927972279,4/22/2016,149,0.1,0.1,0.0,2093
1927972279,4/23/2016,2945,2.04,2.04,0.0,2499
1927972279,4/24/2016,2090,1.45,1.45,0.0,2324
1927972279,4/25/2016,152,0.11,0.11,0.0,2100
1927972279,4/26/2016,3761,2.6,2.6,0.0,2638
1927972279,4/27/2016,0,0.0,0.0,0.0,2063
1927972279,4/28/2016,1675,1.16,1.16,0.0,2351
1927972279,4/29/2016,0,0.0,0.0,0.0,2063
1927972279,4/30/2016,0,0.0,0.0,0.0,2064
1927972279,5/1/2016,2704,1.87,1.87,0.0,2411
1927972279,5/2/2016,3790,2.62,2.62,0.0,2505
1927972279,5/3/2016,1326,0.92,0.92,0.0,2195
1927972279,5/4/2016,1786,1.24,1.24,0.0,2338
1927972279,5/5/2016,0,0.0,0.0,0.0,2063
1927972279,5/6/2016,2091,1.45,1.45,0.0,2383
1927972279,5/7/2016,1510,1.04,1.04,0.0,2229
1927972279,5/8/2016,0,0.0,0.0,0.0,2063
1927972279,5/9/2016,0,0.0,0.0,0.0,2063
1927972279,5/10/2016,0,0.0,0.0,0.0,2063
1927972279,5/11/2016,0,0.0,0.0,0.0,2063
1927972279,5/12/2016,0,0.0,0.0,0.0,1383
2022484408,4/12/2016,11875,8.34,8.34,0.0,2390
2022484408,4/13/2016,12024,8.5,8.5,0.0,2601
2022484408,4/14/2016,10690,7.5,7.5,0.0,2312
2022484408,4/15/2016,11034,8.03,8.03,0.0,2525
2022484408,4/16/2016,10100,7.09,7.09,0.0,2177
2022484408,4/17/2016,15112,11.4,11.4,0.0,2782
2022484408,4/18/2016,14131,10.07,10.07,0.0,2770
2022484408,4/19/2016,11548,8.53,8.53,0.0,2489
2022484408,4/20/2016,15112,10.67,10.67,0.0,2897
2022484408,4/21/2016,12453,8.74,8.74,0.0,3158
2022484408,4/22/2016,12954,9.33,9.33,0.0,2638
2022484408,4/23/2016,6001,4.21,4.21,0.0,2069
2022484408,4/24/2016,13481,10.28,10.28,0.0,2529
2022484408,4/25/2016,11369,8.01,8.01,0.0,2470
2022484408,4/26/2016,10119,7.19,7.19,0.0,2793
2022484408,4/27/2016,10159,7.13,7.13,0.0,2463
2022484408,4/28/2016,10140,7.12,7.12,0.0,2296
2022484408,4/29/2016,10245,7.19,7.19,0.0,2611
2022484408,4/30/2016,18387,12.91,12.91,0.0,2732
2022484408,5/1/2016,10538,7.4,7.4,0.0,2380
2022484408,5/2/2016,10379,7.29,7.29,0.0,2473
2022484408,5/3/2016,12183,8.74,8.74,0.0,2752
2022484408,5/4/2016,11768,8.29,8.29,0.0,2649
2022484408,5/5/2016,11895,8.35,8.35,0.0,2609
2022484408,5/6/2016,10227,7.18,7.18,0.0,2498
2022484408,5/7/2016,6708,4.71,4.71,0.0,1995
2022484408,5/8/2016,3292,2.31,2.31,0.0,1848
2022484408,5/9/2016,13379,9.39,9.39,0.0,2709
2022484408,5/10/2016,12798,8.98,8.98,0.0,2797
2022484408,5/11/2016,13272,9.32,9.32,0.0,2544
2022484408,5/12/2016,9117,6.41,6.41,0.0,1853
2026352035,4/12/2016,4414,2.74,2.74,0.0,1459
2026352035,4/13/2016,4993,3.1,3.1,0.0,1521
2026352035,4/14/2016,3335,2.07,2.07,0.0,1431
2026352035,4/15/2016,3821,2.37,2.37,0.0,1444
2026352035,4/16/2016,2547,1.58,1.58,0.0,1373
2026352035,4/17/2016,838,0.52,0.52,0.0,1214
2026352035,4/18/2016,3325,2.06,2.06,0.0,1419
2026352035,4/19/2016,2424,1.5,1.5,0.0,1356
2026352035,4/20/2016,7222,4.48,4.48,0.0,1667
2026352035,4/21/2016,2467,1.53,1.53,0.0,1370
2026352035,4/22/2016,2915,1.81,1.81,0.0,1399
2026352035,4/23/2016,12357,7.71,7.71,0.0,1916
2026352035,4/24/2016,3490,2.16,2.16,0.0,1401
2026352035,4/25/2016,6017,3.73,3.73,0.0,1576
2026352035,4/26/2016,5933,3.68,3.68,0.0,1595
2026352035,4/27/2016,6088,3.77,3.77,0.0,1593
2026352035,4/28/2016,6375,3.95,3.95,0.0,1649
2026352035,4/29/2016,7604,4.71,4.71,0.0,1692
2026352035,4/30/2016,4729,2.93,2.93,0.0,1506
2026352035,5/1/2016,3609,2.28,2.28,0.0,1447
2026352035,5/2/2016,7018,4.35,4.35,0.0,1690
2026352035,5/3/2016,5992,3.72,3.72,0.0,1604
2026352035,5/4/2016,6564,4.07,4.07,0.0,1658
2026352035,5/5/2016,12167,7.54,7.54,0.0,1926
2026352035,5/6/2016,8198,5.08,5.08,0.0,1736
2026352035,5/7/2016,4193,2.6,2.6,0.0,1491
2026352035,5/8/2016,5528,3.45,3.45,0.0,1555
2026352035,5/9/2016,10685,6.62,6.62,0.0,1869
2026352035,5/10/2016,254,0.16,0.16,0.0,1141
2026352035,5/11/2016,8580,5.32,5.32,0.0,1698
2026352035,5/12/2016,8891,5.51,5.51,0.0,1364
2320127002,4/12/2016,10725,7.49,7.49,0.0,2124
2320127002,4/13/2016,7275,4.9,4.9,0.0,2003
2320127002,4/14/2016,3973,2.68,2.68,0.0,1696
2320127002,4/15/2016,5205,3.51,3.51,0.0,1801
2320127002,4/16/2016,5057,3.41,3.41,0.0,1724
2320127002,4/17/2016,6198,4.18,4.18,0.0,1852
2320127002,4/18/2016,6559,4.42,4.42,0.0,1905
2320127002,4/19/2016,5997,4.04,4.04,0.0,1811
2320127002,4/20/2016,7192,4.85,4.85,0.0,1922
2320127002,4/21/2016,3404,2.29,2.29,0.0,1610
2320127002,4/22/2016,5583,3.76,3.76,0.0,1851
2320127002,4/23/2016,5079,3.42,3.42,0.0,1804
2320127002,4/24/2016,4165,2.81,2.81,0.0,1725
2320127002,4/25/2016,3588,2.42,2.42,0.0,1654
2320127002,4/26/2016,3409,2.3,2.3,0.0,1632
2320127002,4/27/2016,1715,1.16,1.16,0.0,1481
2320127002,4/28/2016,1532,1.03,1.03,0.0,1473
2320127002,4/29/2016,924,0.62,0.62,0.0,1410
2320127002,4/30/2016,4571,3.08,3.08,0.0,1779
2320127002,5/1/2016,772,0.52,0.52,0.0,1403
2320127002,5/2/2016,3634,2.45,2.45,0.0,1613
2320127002,5/3/2016,7443,5.02,5.02,0.0,1878
2320127002,5/4/2016,1201,0.81,0.81,0.0,1426
2320127002,5/5/2016,5202,3.51,3.51,0.0,1780
2320127002,5/6/2016,4878,3.29,3.29,0.0,1742
2320127002,5/7/2016,7379,4.97,4.97,0.0,1972
2320127002,5/8/2016,5161,3.48,3.48,0.0,1821
2320127002,5/9/2016,3090,2.08,2.08,0.0,1630
2320127002,5/10/2016,6227,4.2,4.2,0.0,1899
2320127002,5/11/2016,6424,4.33,4.33,0.0,1903
2320127002,5/12/2016,2661,1.79,1.79,0.0,1125
2347167796,4/12/2016,10113,6.83,6.83,0.0,2344
2347167796,4/13/2016,10352,7.01,7.01,0.0,2038
2347167796,4/14/2016,10129,6.7,6.7,0.0,2010
2347167796,4/15/2016,10465,6.92,6.92,0.0,2133
2347167796,4/16/2016,22244,15.08,15.08,0.0,2670
2347167796,4/17/2016,5472,3.62,3.62,0.0,1882
2347167796,4/18/2016,8247,5.45,5.45,0.0,1944
2347167796,4/19/2016,6711,4.44,4.44,0.0,2346
2347167796,4/20/2016,10999,7.27,7.27,0.0,2198
2347167796,4/21/2016,10080,6.75,6.75,0.0,2048
2347167796,4/22/2016,7804,5.16,5.16,0.0,1946
2347167796,4/23/2016,16901,11.37,11.37,0.0,2629
2347167796,4/24/2016,9471,6.26,6.26,0.0,2187
2347167796,4/25/2016,9482,6.38,6.38,0.0,2095
2347167796,4/26/2016,5980,3.95,3.95,0.0,1861
2347167796,4/27/2016,11423,7.58,7.58,0.0,2194
2347167796,4/28/2016,5439,3.6,3.6,0.0,1854
2347167796,4/29/2016,42,0.03,0.03,0.0,403
2873212765,4/12/2016,8796,5.91,5.91,0.0,1982
2873212765,4/13/2016,7618,5.12,5.12,0.0,2004
2873212765,4/14/2016,7910,5.32,5.32,0.0,1893
2873212765,4/15/2016,8482,5.7,5.7,0.0,2063
2873212765,4/16/2016,9685,6.65,6.65,0.0,2148
2873212765,4/17/2016,2524,1.7,1.7,0.0,1529
2873212765,4/18/2016,7762,5.24,5.24,0.0,1890
2873212765,4/19/2016,7948,5.37,5.37,0.0,1956
2873212765,4/20/2016,9202,6.3,6.3,0.0,2094
2873212765,4/21/2016,8859,5.98,5.98,0.0,1970
2873212765,4/22/2016,7286,4.9,4.9,0.0,2241
2873212765,4/23/2016,9317,6.35,6.35,0.0,2021
2873212765,4/24/2016,6873,4.68,4.68,0.0,1898
2873212765,4/25/2016,7373,4.95,4.95,0.0,1907
2873212765,4/26/2016,8242,5.54,5.54,0.0,1882
2873212765,4/27/2016,3516,2.36,2.36,0.0,1966
2873212765,4/28/2016,7913,5.41,5.41,0.0,1835
2873212765,4/29/2016,7365,4.95,4.95,0.0,1780
2873212765,4/30/2016,8452,5.68,5.68,0.0,1830
2873212765,5/1/2016,7399,4.97,4.97,0.0,1739
2873212765,5/2/2016,7525,5.06,5.06,0.0,1878
2873212765,5/3/2016,7412,4.98,4.98,0.0,1906
2873212765,5/4/2016,8278,5.56,5.56,0.0,2015
2873212765,5/5/2016,8314,5.61,5.61,0.0,1971
2873212765,5/6/2016,7063,4.75,4.75,0.0,1910
2873212765,5/7/2016,4940,3.38,3.38,0.0,1897
2873212765,5/8/2016,8168,5.54,5.54,0.0,2096
2873212765,5/9/2016,7726,5.19,5.19,0.0,1906
2873212765,5/10/2016,8275,5.56,5.56,0.0,1962
2873212765,5/11/2016,6440,4.33,4.33,0.0,1826
2873212765,5/12/2016,7566,5.11,5.11,0.0,1431
3372868164,4/12/2016,4747,3.24,3.24,0.0,1788
3372868164,4/13/2016,9715,6.63,6.63,0.0,2093
3372868164,4/14/2016,8844,6.03,6.03,0.0,2065
3372868164,4/15/2016,7451,5.08,5.08,0.0,1908
3372868164,4/16/2016,6905,4.73,4.73,0.0,1908
3372868164,4/17/2016,8199,5.88,5.88,0.0,1964
3372868164,4/18/2016,6798,4.64,4.64,0.0,2014
3372868164,4/19/2016,7711,5.26,5.26,0.0,1985
3372868164,4/20/2016,4880,3.33,3.33,0.0,1867
3372868164,4/21/2016,8857,6.07,6.07,0.0,2124
3372868164,4/22/2016,3843,2.62,2.62,0.0,1669
3372868164,4/23/2016,7396,5.07,5.07,0.0,1995
3372868164,4/24/2016,6731,4.59,4.59,0.0,1921
3372868164,4/25/2016,5995,4.09,4.09,0.0,2010
3372868164,4/26/2016,8283,5.79,5.79,0.0,2057
3372868164,4/27/2016,7904,5.42,5.42,0.0,2095
3372868164,4/28/2016,5512,3.76,3.76,0.0,1972
3372868164,4/29/2016,9135,6.23,6.23,0.0,2044
3372868164,4/30/2016,5250,3.58,3.58,0.0,1946
3372868164,5/1/2016,3077,2.1,2.1,0.0,1237
3977333714,4/12/2016,8856,5.98,5.98,0.0,1450
3977333714,4/13/2016,10035,6.71,6.71,0.0,1495
3977333714,4/14/2016,7641,5.11,5.11,0.0,1433
3977333714,4/15/2016,9010,6.06,6.06,0.0,1468
3977333714,4/16/2016,13459,9.0,9.0,0.0,1625
3977333714,4/17/2016,10415,6.97,6.97,0.0,1529
3977333714,4/18/2016,11663,7.8,7.8,0.0,1584
3977333714,4/19/2016,12414,8.78,8.78,0.0,1638
3977333714,4/20/2016,11658,7.83,7.83,0.0,1554
3977333714,4/21/2016,6093,4.08,4.08,0.0,1397
3977333714,4/22/2016,8911,5.96,5.96,0.0,1481
3977333714,4/23/2016,12058,8.07,8.07,0.0,1638
3977333714,4/24/2016,14112,10.0,10.0,0.0,1655
3977333714,4/25/2016,11177,8.48,8.48,0.0,1570
3977333714,4/26/2016,11388,7.62,7.62,0.0,1551
3977333714,4/27/2016,7193,5.04,5.04,0.0,1377
3977333714,4/28/2016,7114,4.88,4.88,0.0,1407
3977333714,4/29/2016,10645,7.75,7.75,0.0,1545
3977333714,4/30/2016,13238,9.2,9.2,0.0,1650
3977333714,5/1/2016,10414,7.07,7.07,0.0,1501
3977333714,5/2/2016,16520,11.05,11.05,0.0,1760
3977333714,5/3/2016,14335,9.59,9.59,0.0,1710
3977333714,5/4/2016,13559,9.44,9.44,0.0,1628
3977333714,5/5/2016,12312,8.58,8.58,0.0,1618
3977333714,5/6/2016,11677,8.28,8.28,0.0,1590
3977333714,5/7/2016,11550,7.73,7.73,0.0,1574
3977333714,5/8/2016,13585,9.09,9.09,0.0,1633
3977333714,5/9/2016,14687,10.08,10.08,0.0,1667
3977333714,5/10/2016,13072,8.78,8.78,0.0,1630
3977333714,5/11/2016,746,0.5,0.5,0.0,52
4020332650,4/12/2016,8539,6.12,6.12,0.0,3654
4020332650,4/13/2016,0,0.0,0.0,0.0,1981
4020332650,4/14/2016,108,0.08,0.08,0.0,2011
4020332650,4/15/2016,1882,1.35,1.35,0.0,2951
4020332650,4/16/2016,1982,1.42,1.42,0.0,3051
4020332650,4/17/2016,16,0.01,0.01,0.0,1990
4020332650,4/18/2016,62,0.04,0.04,0.0,1995
4020332650,4/19/2016,0,0.0,0.0,0.0,1980
4020332650,4/20/2016,0,0.0,0.0,0.0,1980
4020332650,4/21/2016,0,0.0,0.0,0.0,1980
4020332650,4/22/2016,0,0.0,0.0,0.0,1980
4020332650,4/23/2016,0,0.0,0.0,0.0,1980
4020332650,4/24/2016,0,0.0,0.0,0.0,1980
4020332650,4/25/2016,0,0.0,0.0,0.0,1980
4020332650,4/26/2016,0,0.0,0.0,0.0,1980
4020332650,4/27/2016,0,0.0,0.0,0.0,1980
4020332650,4/28/2016,0,0.0,0.0,0.0,1980
4020332650,4/29/2016,0,0.0,0.0,0.0,1980
4020332650,4/30/2016,0,0.0,0.0,0.0,1980
4020332650,5/1/2016,0,0.0,0.0,0.0,1980
4020332650,5/2/2016,475,0.34,0.34,0.0,2207
4020332650,5/3/2016,4496,3.22,3.22,0.0,2828
4020332650,5/4/2016,10252,7.35,7.35,0.0,3879
4020332650,5/5/2016,11728,8.43,8.43,0.0,3429
4020332650,5/6/2016,4369,3.13,3.13,0.0,2704
4020332650,5/7/2016,6132,4.4,4.4,0.0,2975
4020332650,5/8/2016,5862,4.2,4.2,0.0,3089
4020332650,5/9/2016,4556,3.27,3.27,0.0,2785
4020332650,5/10/2016,5546,3.98,3.98,0.0,2926
4020332650,5/11/2016,3689,2.65,2.65,0.0,2645
4020332650,5/12/2016,590,0.42,0.42,0.0,1120
4057192912,4/12/2016,5394,4.03,4.03,0.0,2286
4057192912,4/13/2016,5974,4.47,4.47,0.0,2306
4057192912,4/14/2016,0,0.0,0.0,0.0,1776
4057192912,4/15/2016,3984,2.95,2.95,0.0,1527
4319703577,4/12/2016,7753,5.2,5.2,0.0,2115
4319703577,4/13/2016,8204,5.5,5.5,0.0,2135
4319703577,4/14/2016,10210,6.88,6.88,0.0,2302
4319703577,4/15/2016,5664,3.8,3.8,0.0,1985
4319703577,4/16/2016,4744,3.18,3.18,0.0,1884
4319703577,4/17/2016,29,0.02,0.02,0.0,1464
4319703577,4/18/2016,2276,1.55,1.55,0.0,1632
4319703577,4/19/2016,8925,5.99,5.99,0.0,2200
4319703577,4/20/2016,8954,6.01,6.01,0.0,2220
4319703577,4/21/2016,3702,2.48,2.48,0.0,1792
4319703577,4/22/2016,4500,3.02,3.02,0.0,1886
4319703577,4/23/2016,4935,3.31,3.31,0.0,1945
4319703577,4/24/2016,4081,2.74,2.74,0.0,1880
4319703577,4/25/2016,9259,6.21,6.21,0.0,2314
4319703577,4/26/2016,9899,6.64,6.64,0.0,2236
4319703577,4/27/2016,10780,7.23,7.23,0.0,2324
4319703577,4/28/2016,10817,7.28,7.28,0.0,2367
4319703577,4/29/2016,7990,5.36,5.36,0.0,2175
4319703577,4/30/2016,8221,5.52,5.52,0.0,2092
4319703577,5/1/2016,1251,0.84,0.84,0.0,1593
4319703577,5/2/2016,9261,6.24,6.24,0.0,2270
4319703577,5/3/2016,9648,6.47,6.47,0.0,2235
4319703577,5/4/2016,10429,7.02,7.02,0.0,2282
4319703577,5/5/2016,13658,9.49,9.49,0.0,2530
4319703577,5/6/2016,9524,6.42,6.42,0.0,2266
4319703577,5/7/2016,7937,5.33,5.33,0.0,2158
4319703577,5/8/2016,3672,2.46,2.46,0.0,1792
4319703577,5/9/2016,10378,6.96,6.96,0.0,2345
4319703577,5/10/2016,9487,6.37,6.37,0.0,2260
4319703577,5/11/2016,9129,6.13,6.13,0.0,2232
4319703577,5/12/2016,17,0.01,0.01,0.0,257
4388161847,4/12/2016,10122,7.78,7.78,0.0,2955
4388161847,4/13/2016,10993,8.45,8.45,0.0,3092
4388161847,4/14/2016,8863,6.82,6.82,0.0,2998
4388161847,4/15/2016,8758,6.73,6.73,0.0,3066
4388161847,4/16/2016,6580,5.06,5.06,0.0,3073
4388161847,4/17/2016,4660,3.58,3.58,0.0,2572
4388161847,4/18/2016,11009,9.1,9.1,0.0,3274
4388161847,4/19/2016,10181,7.83,7.83,0.0,3015
4388161847,4/20/2016,10553,8.12,8.12,0.0,3083
4388161847,4/21/2016,10055,7.73,7.73,0.0,3069
4388161847,4/22/2016,12139,9.34,9.34,0.0,3544
4388161847,4/23/2016,13236,10.18,10.18,0.0,3306
4388161847,4/24/2016,10243,7.88,7.88,0.0,2885
4388161847,4/25/2016,12961,9.97,9.97,0.0,3288
4388161847,4/26/2016,9461,7.28,7.28,0.0,2929
4388161847,4/27/2016,11193,8.61,8.61,0.0,3074
4388161847,4/28/2016,10074,7.75,7.75,0.0,2969
4388161847,4/29/2016,9232,7.1,7.1,0.0,2979
4388161847,4/30/2016,12533,9.64,9.64,0.0,3283
4388161847,5/1/2016,10255,7.89,7.89,0.0,2926
4388161847,5/2/2016,10096,8.4,8.4,0.0,3147
4388161847,5/3/2016,12727,9.79,9.79,0.0,3290
4388161847,5/4/2016,12375,9.52,9.52,0.0,3162
4388161847,5/5/2016,9603,7.38,7.38,0.0,2899
4388161847,5/6/2016,13175,10.13,10.13,0.0,3425
4388161847,5/7/2016,22770,17.54,17.54,0.0,4022
4388161847,5/8/2016,17298,14.38,14.38,0.0,3934
4388161847,5/9/2016,10218,7.86,7.86,0.0,3013
4388161847,5/10/2016,10299,7.92,7.92,0.0,3061
4388161847,5/11/2016,10201,7.84,7.84,0.0,2954
4388161847,5/12/2016,3369,2.59,2.59,0.0,1623
4445114986,4/12/2016,3276,2.2,2.2,0.0,2113
4445114986,4/13/2016,2961,1.99,1.99,0.0,2095
4445114986,4/14/2016,3974,2.67,2.67,0.0,2194
4445114986,4/15/2016,7198,4.83,4.83,0.0,2496
4445114986,4/16/2016,3945,2.65,2.65,0.0,2180
4445114986,4/17/2016,2268,1.52,1.52,0.0,1933
4445114986,4/18/2016,6155,4.24,4.24,0.0,2248
4445114986,4/19/2016,2064,1.39,1.39,0.0,1954
4445114986,4/20/2016,2072,1.39,1.39,0.0,1974
4445114986,4/21/2016,3809,2.56,2.56,0.0,2150
4445114986,4/22/2016,6831,4.58,4.58,0.0,2432
4445114986,4/23/2016,4363,2.93,2.93,0.0,2149
4445114986,4/24/2016,5002,3.36,3.36,0.0,2247
4445114986,4/25/2016,3385,2.27,2.27,0.0,2070
4445114986,4/26/2016,6326,4.41,4.41,0.0,2291
4445114986,4/27/2016,7243,5.03,5.03,0.0,2361
4445114986,4/28/2016,4493,3.01,3.01,0.0,2203
4445114986,4/29/2016,4676,3.14,3.14,0.0,2196
4445114986,4/30/2016,6222,4.18,4.18,0.0,2363
4445114986,5/1/2016,5232,3.51,3.51,0.0,2246
4445114986,5/2/2016,6910,4.75,4.75,0.0,2336
4445114986,5/3/2016,7502,5.18,5.18,0.0,2421
4445114986,5/4/2016,2923,1.96,1.96,0.0,2070
4445114986,5/5/2016,3800,2.55,2.55,0.0,2120
4445114986,5/6/2016,4514,3.03,3.03,0.0,2211
4445114986,5/7/2016,5183,3.59,3.59,0.0,2123
4445114986,5/8/2016,7303,4.9,4.9,0.0,2423
4445114986,5/9/2016,5275,3.54,3.54,0.0,2281
4445114986,5/10/2016,3915,2.63,2.63,0.0,2181
4445114986,5/11/2016,9105,6.11,6.11,0.0,2499
4445114986,5/12/2016,768,0.52,0.52,0.0,1212
4558609924,4/12/2016,5135,3.39,3.39,0.0,1909
4558609924,4/13/2016,4978,3.29,3.29,0.0,1722
4558609924,4/14/2016,6799,4.49,4.49,0.0,1922
4558609924,4/15/2016,7795,5.15,5.15,0.0,2121
4558609924,4/16/2016,7289,4.82,4.82,0.0,1997
4558609924,4/17/2016,9634,6.4,6.4,0.0,2117
4558609924,4/18/2016,8940,5.91,5.91,0.0,2116
4558609924,4/19/2016,5401,3.57,3.57,0.0,1876
4558609924,4/20/2016,4803,3.17,3.17,0.0,1788
4558609924,4/21/2016,13743,9.08,9.08,0.0,2486
4558609924,4/22/2016,9601,6.35,6.35,0.0,2094
4558609924,4/23/2016,6890,4.55,4.55,0.0,2085
4558609924,4/24/2016,8563,5.66,5.66,0.0,2173
4558609924,4/25/2016,8095,5.35,5.35,0.0,2225
4558609924,4/26/2016,9148,6.05,6.05,0.0,2223
4558609924,4/27/2016,9557,6.32,6.32,0.0,2098
4558609924,4/28/2016,9451,6.25,6.25,0.0,2185
4558609924,4/29/2016,7833,5.18,5.18,0.0,1918
4558609924,4/30/2016,10319,6.82,6.82,0.0,2105
4558609924,5/1/2016,3428,2.27,2.27,0.0,1692
4558609924,5/2/2016,7891,5.22,5.22,0.0,2066
4558609924,5/3/2016,5267,3.48,3.48,0.0,1953
4558609924,5/4/2016,5232,3.46,3.46,0.0,1842
4558609924,5/5/2016,10611,7.01,7.01,0.0,2262
4558609924,5/6/2016,3755,2.48,2.48,0.0,1722
4558609924,5/7/2016,8237,5.44,5.44,0.0,1973
4558609924,5/8/2016,6543,4.33,4.33,0.0,2666
4558609924,5/9/2016,11451,7.57,7.57,0.0,2223
4558609924,5/10/2016,6435,4.25,4.25,0.0,1889
4558609924,5/11/2016,9108,6.02,6.02,0.0,2131
4558609924,5/12/2016,6307,4.17,4.17,0.0,1452
4702921684,4/12/2016,7213,5.88,5.88,0.0,2947
4702921684,4/13/2016,6877,5.58,5.58,0.0,2898
4702921684,4/14/2016,7860,6.37,6.37,0.0,2984
4702921684,4/15/2016,6506,5.28,5.28,0.0,2896
4702921684,4/16/2016,11140,9.03,9.03,0.0,3328
4702921684,4/17/2016,12692,10.29,10.29,0.0,3394
4702921684,4/18/2016,9105,7.38,7.38,0.0,3013
4702921684,4/19/2016,6708,5.44,5.44,0.0,2812
4702921684,4/20/2016,8793,7.13,7.13,0.0,3061
4702921684,4/21/2016,6530,5.3,5.3,0.0,2729
4702921684,4/22/2016,1664,1.35,1.35,0.0,2241
4702921684,4/23/2016,15126,12.27,12.27,0.0,3691
4702921684,4/24/2016,15050,12.22,12.22,0.0,3538
4702921684,4/25/2016,9167,7.43,7.43,0.0,3064
4702921684,4/26/2016,6108,4.95,4.95,0.0,2784
4702921684,4/27/2016,7047,5.72,5.72,0.0,2908
4702921684,4/28/2016,9023,7.32,7.32,0.0,3033
4702921684,4/29/2016,9930,8.05,8.05,0.0,3165
4702921684,4/30/2016,10144,8.23,8.23,0.0,3115
4702921684,5/1/2016,0,0.0,0.0,0.0,2017
4702921684,5/2/2016,7245,5.92,5.92,0.0,2859
4702921684,5/3/2016,9454,7.67,7.67,0.0,3145
4702921684,5/4/2016,8161,6.62,6.62,0.0,3004
4702921684,5/5/2016,8614,6.99,6.99,0.0,3006
4702921684,5/6/2016,6943,5.63,5.63,0.0,2859
4702921684,5/7/2016,14370,11.65,11.65,0.0,3683
4702921684,5/8/2016,12857,10.43,10.43,0.0,3287
4702921684,5/9/2016,8232,6.68,6.68,0.0,2990
4702921684,5/10/2016,10613,8.61,8.61,0.0,3172
4702921684,5/11/2016,9810,7.96,7.96,0.0,3069
4702921684,5/12/2016,2752,2.23,2.23,0.0,1240
5553957443,4/12/2016,11596,7.57,7.57,0.0,2026
5553957443,4/13/2016,4832,3.16,3.16,0.0,1718
5553957443,4/14/2016,17022,11.12,11.12,0.0,2324
5553957443,4/15/2016,16556,10.86,10.86,0.0,2254
5553957443,4/16/2016,5771,3.77,3.77,0.0,1831
5553957443,4/17/2016,655,0.43,0.43,0.0,1397
5553957443,4/18/2016,3727,2.43,2.43,0.0,1683
5553957443,4/19/2016,15482,10.11,10.11,0.0,2284
5553957443,4/20/2016,2713,1.77,1.77,0.0,1570
5553957443,4/21/2016,12346,8.06,8.06,0.0,2066
5553957443,4/22/2016,11682,7.63,7.63,0.0,2105
5553957443,4/23/2016,4112,2.69,2.69,0.0,1776
5553957443,4/24/2016,1807,1.18,1.18,0.0,1507
5553957443,4/25/2016,10946,7.19,7.19,0.0,2033
5553957443,4/26/2016,11886,7.76,7.76,0.0,2093
5553957443,4/27/2016,10538,6.88,6.88,0.0,1922
5553957443,4/28/2016,11393,7.63,7.63,0.0,1999
5553957443,4/29/2016,12764,8.33,8.33,0.0,2169
5553957443,4/30/2016,1202,0.78,0.78,0.0,1463
5553957443,5/1/2016,5164,3.37,3.37,0.0,1747
5553957443,5/2/2016,9769,6.38,6.38,0.0,1996
5553957443,5/3/2016,12848,8.39,8.39,0.0,2116
5553957443,5/4/2016,4249,2.77,2.77,0.0,1698
5553957443,5/5/2016,14331,9.51,9.51,0.0,2156
5553957443,5/6/2016,9632,6.29,6.29,0.0,1916
5553957443,5/7/2016,1868,1.22,1.22,0.0,1494
5553957443,5/8/2016,6083,4.0,4.0,0.0,1762
5553957443,5/9/2016,11611,7.58,7.58,0.0,2272
5553957443,5/10/2016,16358,10.71,10.71,0.0,2335
5553957443,5/11/2016,4926,3.22,3.22,0.0,1693
5553957443,5/12/2016,3121,2.04,2.04,0.0,741
5577150313,4/12/2016,8135,6.08,6.08,0.0,3405
5577150313,4/13/2016,5077,3.79,3.79,0.0,2551
5577150313,4/14/2016,8596,6.42,6.42,0.0,4022
5577150313,4/15/2016,12087,9.08,9.08,0.0,4005
5577150313,4/16/2016,14269,10.66,10.66,0.0,4274
5577150313,4/17/2016,12231,9.14,9.14,0.0,4552
5577150313,4/18/2016,9893,7.39,7.39,0.0,3625
5577150313,4/19/2016,12574,9.42,9.42,0.0,3501
5577150313,4/20/2016,8330,6.22,6.22,0.0,3192
5577150313,4/21/2016,10830,8.09,8.09,0.0,4018
5577150313,4/22/2016,9172,6.85,6.85,0.0,3329
5577150313,4/23/2016,7638,5.71,5.71,0.0,3152
5577150313,4/24/2016,15764,11.78,11.78,0.0,4392
5577150313,4/25/2016,6393,4.78,4.78,0.0,3374
5577150313,4/26/2016,5325,3.98,3.98,0.0,3088
5577150313,4/27/2016,6805,5.14,5.14,0.0,3294
5577150313,4/28/2016,9841,7.43,7.43,0.0,3580
5577150313,4/29/2016,7924,5.92,5.92,0.0,3544
5577150313,4/30/2016,12363,9.24,9.24,0.0,4501
5577150313,5/1/2016,13368,9.99,9.99,0.0,4546
5577150313,5/2/2016,7439,5.56,5.56,0.0,3014
5577150313,5/3/2016,11045,8.25,8.25,0.0,3795
5577150313,5/4/2016,5206,3.89,3.89,0.0,2755
5577150313,5/5/2016,7550,5.64,5.64,0.0,3004
5577150313,5/6/2016,4950,3.7,3.7,0.0,2643
5577150313,5/7/2016,0,0.0,0.0,0.0,1819
5577150313,5/8/2016,0,0.0,0.0,0.0,1819
5577150313,5/9/2016,3421,2.56,2.56,0.0,2489
5577150313,5/10/2016,8869,6.65,6.65,0.0,3841
5577150313,5/11/2016,4038,3.04,3.04,0.0,1665
6117666160,4/12/2016,0,0.0,0.0,0.0,1496
6117666160,4/13/2016,0,0.0,0.0,0.0,1496
6117666160,4/14/2016,0,0.0,0.0,0.0,1496
6117666160,4/15/2016,14019,10.59,10.59,0.0,2865
6117666160,4/16/2016,14450,10.91,10.91,0.0,2828
6117666160,4/17/2016,7150,5.4,5.4,0.0,2225
6117666160,4/18/2016,5153,3.91,3.91,0.0,2018
6117666160,4/19/2016,11135,8.41,8.41,0.0,2606
6117666160,4/20/2016,10449,8.02,8.02,0.0,2536
6117666160,4/21/2016,19542,15.01,15.01,0.0,4900
6117666160,4/22/2016,8206,6.2,6.2,0.0,2409
6117666160,4/23/2016,11495,8.68,8.68,0.0,2651
6117666160,4/24/2016,7623,5.76,5.76,0.0,2305
6117666160,4/25/2016,0,0.0,0.0,0.0,1497
6117666160,4/26/2016,9543,7.21,7.21,0.0,2450
6117666160,4/27/2016,9411,7.11,7.11,0.0,2576
6117666160,4/28/2016,3403,2.6,2.6,0.0,1879
6117666160,4/29/2016,9592,7.24,7.24,0.0,2560
6117666160,4/30/2016,6987,5.28,5.28,0.0,2275
6117666160,5/1/2016,8915,6.73,6.73,0.0,2361
6117666160,5/2/2016,4933,3.73,3.73,0.0,2044
6117666160,5/3/2016,0,0.0,0.0,0.0,1496
6117666160,5/4/2016,2997,2.26,2.26,0.0,1902
6117666160,5/5/2016,9799,7.4,7.4,0.0,2636
6117666160,5/6/2016,3365,2.68,2.68,0.0,1838
6117666160,5/7/2016,7336,5.54,5.54,0.0,2469
6117666160,5/8/2016,7328,5.53,5.53,0.0,2250
6117666160,5/9/2016,4477,3.38,3.38,0.0,1248
6290855005,4/12/2016,4562,3.45,3.45,0.0,2560
6290855005,4/13/2016,7142,5.4,5.4,0.0,2905
6290855005,4/14/2016,7671,5.8,5.8,0.0,2952
6290855005,4/15/2016,9501,7.18,7.18,0.0,2896
6290855005,4/16/2016,8301,6.28,6.28,0.0,2783
6290855005,4/17/2016,7851,5.94,5.94,0.0,3171
6290855005,4/18/2016,6885,5.21,5.21,0.0,2766
6290855005,4/19/2016,7142,5.4,5.4,0.0,2839
6290855005,4/20/2016,6361,4.81,4.81,0.0,2701
6290855005,4/21/2016,0,0.0,0.0,0.0,2060
6290855005,4/22/2016,6238,4.72,4.72,0.0,2796
6290855005,4/23/2016,0,0.0,0.0,0.0,2664
6290855005,4/24/2016,5896,4.46,4.46,0.0,2703
6290855005,4/25/2016,7802,5.9,5.9,0.0,2771
6290855005,4/26/2016,0,0.0,0.0,0.0,2060
6290855005,4/27/2016,5565,4.21,4.21,0.0,2743
6290855005,4/28/2016,5731,4.33,4.33,0.0,2687
6290855005,4/29/2016,0,0.0,0.0,0.0,2060
6290855005,4/30/2016,6744,5.1,5.1,0.0,2843
6290855005,5/1/2016,9837,7.44,7.44,0.0,3327
6290855005,5/2/2016,6781,5.13,5.13,0.0,2725
6290855005,5/3/2016,6047,4.57,4.57,0.0,2671
6290855005,5/4/2016,5832,4.41,4.41,0.0,2718
6290855005,5/5/2016,6339,4.79,4.79,0.0,2682
6290855005,5/6/2016,6116,4.62,4.62,0.0,2806
6290855005,5/7/2016,5510,4.17,4.17,0.0,2613
6290855005,5/8/2016,7706,5.83,5.83,0.0,2712
6290855005,5/9/2016,6277,4.75,4.75,0.0,2175
6290855005,5/10/2016,0,0.0,0.0,0.0,0
6775888955,4/12/2016,0,0.0,0.0,0.0,1841
6775888955,4/13/2016,4053,2.91,2.91,0.0,2400
6775888955,4/14/2016,5162,3.7,3.7,0.0,2507
6775888955,4/15/2016,1282,0.92,0.92,0.0,2127
6775888955,4/16/2016,4732,3.39,3.39,0.0,2225
6775888955,4/17/2016,2497,1.79,1.79,0.0,2067
6775888955,4/18/2016,8294,5.95,5.95,0.0,2798
6775888955,4/19/2016,0,0.0,0.0,0.0,1841
6775888955,4/20/2016,10771,7.72,7.72,0.0,3727
6775888955,4/21/2016,0,0.0,0.0,0.0,1841
6775888955,4/22/2016,637,0.46,0.46,0.0,1922
6775888955,4/23/2016,0,0.0,0.0,0.0,1841
6775888955,4/24/2016,2153,1.54,1.54,0.0,2053
6775888955,4/25/2016,6474,4.64,4.64,0.0,2484
6775888955,4/26/2016,7091,5.27,5.27,1.95959603786469,2584
6775888955,4/27/2016,0,0.0,0.0,0.0,1841
6775888955,4/28/2016,703,0.5,0.5,0.0,1993
6775888955,4/29/2016,0,0.0,0.0,0.0,1841
6775888955,4/30/2016,2503,1.79,1.79,0.0,2280
6775888955,5/1/2016,2487,1.78,1.78,0.0,2319
6775888955,5/2/2016,0,0.0,0.0,0.0,1841
6775888955,5/3/2016,9,0.01,0.01,0.0,1843
6775888955,5/4/2016,0,0.0,0.0,0.0,1841
6775888955,5/5/2016,0,0.0,0.0,0.0,1841
6775888955,5/6/2016,4697,3.37,3.37,0.0,2496
6775888955,5/7/2016,1967,1.41,1.41,0.0,1032
6962181067,4/12/2016,10199,6.74,6.74,0.0,1994
6962181067,4/13/2016,5652,3.74,3.74,0.0,1718
6962181067,4/14/2016,1551,1.03,1.03,0.0,1466
6962181067,4/15/2016,5563,3.68,3.68,0.0,1756
6962181067,4/16/2016,13217,8.74,8.74,0.0,2173
6962181067,4/17/2016,10145,6.71,6.71,0.0,2027
6962181067,4/18/2016,11404,7.54,7.54,0.0,2039
6962181067,4/19/2016,10742,7.1,7.1,0.0,2046
6962181067,4/20/2016,13928,9.55,9.55,0.0,2174
6962181067,4/21/2016,11835,9.71,7.88,4.08169221878052,2179
6962181067,4/22/2016,10725,7.09,7.09,0.0,2086
6962181067,4/23/2016,20031,13.24,13.24,0.0,2571
6962181067,4/24/2016,5029,3.32,3.32,0.0,1705
6962181067,4/25/2016,13239,9.27,9.08,2.78517508506775,2194
6962181067,4/26/2016,10433,6.9,6.9,0.0,2012
6962181067,4/27/2016,10320,6.82,6.82,0.0,2034
6962181067,4/28/2016,12627,8.35,8.35,0.0,2182
6962181067,4/29/2016,10762,7.11,7.11,0.0,2254
6962181067,4/30/2016,10081,6.66,6.66,0.0,2002
6962181067,5/1/2016,5454,3.61,3.61,0.0,1740
6962181067,5/2/2016,12912,8.54,8.54,0.0,2162
6962181067,5/3/2016,12109,8.12,8.12,0.0,2072
6962181067,5/4/2016,10147,6.71,6.71,0.0,2086
6962181067,5/5/2016,10524,6.96,6.96,0.0,2066
6962181067,5/6/2016,5908,3.91,3.91,0.0,1850
6962181067,5/7/2016,6815,4.5,4.5,0.0,1947
6962181067,5/8/2016,4188,2.77,2.77,0.0,1659
6962181067,5/9/2016,12342,8.72,8.68,3.16782188415527,2105
6962181067,5/10/2016,15448,10.21,10.21,0.0,2361
6962181067,5/11/2016,6722,4.44,4.44,0.0,1855
6962181067,5/12/2016,3587,2.37,2.37,0.0,928
7007744171,4/12/2016,14172,10.29,9.48,4.8697829246521,2937
7007744171,4/13/2016,12862,9.65,8.6,4.8513069152832,2742
7007744171,4/14/2016,11179,8.24,7.48,3.28541493415833,2668
7007744171,4/15/2016,5273,3.53,3.53,0.0,2098
7007744171,4/16/2016,4631,3.1,3.1,0.0,2076
7007744171,4/17/2016,8059,5.39,5.39,0.0,2383
7007744171,4/18/2016,14816,10.98,9.91,4.93055009841919,2832
7007744171,4/19/2016,14194,10.48,9.5,4.94214200973511,2812
7007744171,4/20/2016,15566,11.31,10.41,4.92484092712402,3096
7007744171,4/21/2016,13744,9.19,9.19,0.0,2763
7007744171,4/22/2016,15299,10.24,10.24,0.0,2889
7007744171,4/23/2016,8093,5.41,5.41,0.0,2284
7007744171,4/24/2016,11085,7.42,7.42,0.0,2667
7007744171,4/25/2016,18229,13.34,12.2,4.86179208755493,3055
7007744171,4/26/2016,15090,10.1,10.1,0.0,2939
7007744171,4/27/2016,13541,10.22,9.06,4.88560485839844,2830
7007744171,4/28/2016,15128,10.12,10.12,0.0,2836
7007744171,4/29/2016,20067,14.3,13.42,4.91114616394043,3180
7007744171,4/30/2016,3761,2.52,2.52,0.0,2051
7007744171,5/1/2016,5600,3.75,3.75,0.0,2225
7007744171,5/2/2016,13041,9.18,8.72,2.83232593536377,2642
7007744171,5/3/2016,14510,10.87,9.71,4.91236782073975,2976
7007744171,5/4/2016,0,0.0,0.0,0.0,1557
7007744171,5/5/2016,15010,11.1,10.04,4.8782320022583,2933
7007744171,5/6/2016,11459,7.67,7.67,0.0,2553
7007744171,5/7/2016,0,0.0,0.0,0.0,120
7086361926,4/12/2016,11317,8.41,8.41,0.0,2772
7086361926,4/13/2016,5813,3.62,3.62,0.0,2516
7086361926,4/14/2016,9123,6.12,6.12,0.0,2734
7086361926,4/15/2016,8585,5.67,5.67,0.0,2395
7086361926,4/16/2016,31,0.01,0.01,0.0,1635
7086361926,4/17/2016,0,0.0,0.0,0.0,1629
7086361926,4/18/2016,9827,6.71,6.71,0.0,2743
7086361926,4/19/2016,10688,7.29,7.29,0.0,2944
7086361926,4/20/2016,14365,10.64,10.64,0.0,2997
7086361926,4/21/2016,9469,6.18,6.18,0.0,2463
7086361926,4/22/2016,9753,6.53,6.53,0.0,2846
7086361926,4/23/2016,2817,1.81,1.81,0.0,1965
7086361926,4/24/2016,3520,2.16,2.16,0.0,2049
7086361926,4/25/2016,10091,6.82,6.82,0.0,2752
7086361926,4/26/2016,10387,7.07,7.07,0.0,2781
7086361926,4/27/2016,11107,8.34,8.34,0.0,2693
7086361926,4/28/2016,11584,7.8,7.8,0.0,2862
7086361926,4/29/2016,7881,4.95,4.95,0.0,2616
7086361926,4/30/2016,14560,9.41,9.41,0.0,2995
7086361926,5/1/2016,12390,8.07,8.07,0.0,2730
7086361926,5/2/2016,10052,6.81,6.81,0.0,2754
7086361926,5/3/2016,10288,6.76,6.76,0.0,2754
7086361926,5/4/2016,10988,8.31,8.31,0.0,2655
7086361926,5/5/2016,8564,5.6,5.6,0.0,2386
7086361926,5/6/2016,12461,8.38,8.38,0.0,2924
7086361926,5/7/2016,12827,8.48,8.48,0.0,2739
7086361926,5/8/2016,10677,7.1,7.1,0.0,2534
7086361926,5/9/2016,13566,9.11,9.11,0.0,2960
7086361926,5/10/2016,14433,10.79,10.79,0.0,2800
7086361926,5/11/2016,9572,6.52,6.52,0.0,2735
7086361926,5/12/2016,3789,2.56,2.56,0.0,1199
8053475328,4/12/2016,18060,14.12,14.12,0.0,3186
8053475328,4/13/2016,16433,13.35,13.35,0.0,3140
8053475328,4/14/2016,20159,15.97,15.97,0.0,3411
8053475328,4/15/2016,20669,16.24,16.24,0.0,3410
8053475328,4/16/2016,14549,11.11,11.11,0.0,2867
8053475328,4/17/2016,18827,13.69,13.69,0.0,3213
8053475328,4/18/2016,17076,12.66,12.66,0.0,3133
8053475328,4/19/2016,15929,12.48,12.48,0.0,3114
8053475328,4/20/2016,15108,12.19,12.19,0.0,3043
8053475328,4/21/2016,16057,12.51,12.51,0.0,3103
8053475328,4/22/2016,10520,8.29,8.29,0.0,2655
8053475328,4/23/2016,22359,17.19,17.19,0.0,3554
8053475328,4/24/2016,22988,17.95,17.95,0.0,3577
8053475328,4/25/2016,20500,15.69,15.69,0.0,3403
8053475328,4/26/2016,12685,9.62,9.62,0.0,2846
8053475328,4/27/2016,12422,9.82,9.82,0.0,2852
8053475328,4/28/2016,15447,12.4,12.4,0.0,3062
8053475328,4/29/2016,12315,9.65,9.65,0.0,2794
8053475328,4/30/2016,7135,5.59,5.59,0.0,2408
8053475328,5/1/2016,1170,0.85,0.85,0.0,1886
8053475328,5/2/2016,1969,1.43,1.43,0.0,1988
8053475328,5/3/2016,15484,11.9,11.9,0.0,3023
8053475328,5/4/2016,14581,11.15,11.15,0.0,2918
8053475328,5/5/2016,14990,11.51,11.51,0.0,2950
8053475328,5/6/2016,13953,11.0,11.0,0.0,2859
8053475328,5/7/2016,19769,15.67,15.67,0.0,3331
8053475328,5/8/2016,22026,17.65,17.65,0.0,3589
8053475328,5/9/2016,12465,9.38,9.38,0.0,2765
8053475328,5/10/2016,14810,11.36,11.36,0.0,2926
8053475328,5/11/2016,12209,9.4,9.4,0.0,2809
8053475328,5/12/2016,4998,3.91,3.91,0.0,1505
8253242879,4/12/2016,9033,7.16,7.16,0.0,2044
8253242879,4/13/2016,8053,6.1,6.1,0.0,1935
8253242879,4/14/2016,5234,3.46,3.46,0.0,1705
8253242879,4/15/2016,2672,1.77,1.77,0.0,1632
8253242879,4/16/2016,9256,6.14,6.14,0.0,1880
8253242879,4/17/2016,10204,7.91,7.91,0.0,2112
8253242879,4/18/2016,5151,3.48,3.48,0.0,1829
8253242879,4/19/2016,4212,2.78,2.78,0.0,1763
8253242879,4/20/2016,6466,4.27,4.27,0.0,1931
8253242879,4/21/2016,11268,8.56,8.56,0.0,2218
8253242879,4/22/2016,2824,1.87,1.87,0.0,1651
8253242879,4/23/2016,9282,6.26,6.26,0.0,2132
8253242879,4/24/2016,8905,7.13,7.13,0.0,1976
8253242879,4/25/2016,6829,4.51,4.51,0.0,1909
8253242879,4/26/2016,4562,3.04,3.04,0.0,1813
8253242879,4/27/2016,10232,8.18,8.18,0.0,2008
8253242879,4/28/2016,2718,1.8,1.8,0.0,1580
8253242879,4/29/2016,6260,4.26,4.26,0.0,1854
8253242879,4/30/2016,0,0.0,0.0,0.0,0
8378563200,4/12/2016,7626,6.05,6.05,2.25308108329773,3635
8378563200,4/13/2016,12386,9.82,9.82,2.0921471118927,4079
8378563200,4/14/2016,13318,10.56,10.56,2.25308108329773,4163
8378563200,4/15/2016,14461,11.47,11.47,0.0,3666
8378563200,4/16/2016,11207,8.89,8.89,0.0,3363
8378563200,4/17/2016,2132,1.69,1.69,0.0,2572
8378563200,4/18/2016,13630,10.81,10.81,2.0921471118927,4157
8378563200,4/19/2016,13070,10.36,10.36,2.25308108329773,4092
8378563200,4/20/2016,9388,7.44,7.44,2.0921471118927,3787
8378563200,4/21/2016,15148,12.01,12.01,2.25308108329773,4236
8378563200,4/22/2016,12200,9.67,9.67,2.0921471118927,4044
8378563200,4/23/2016,5709,4.53,4.53,0.0,2908
8378563200,4/24/2016,3703,2.94,2.94,0.0,2741
8378563200,4/25/2016,12405,9.84,9.84,2.0921471118927,4005
8378563200,4/26/2016,16208,12.85,12.85,0.0,3763
8378563200,4/27/2016,7359,5.84,5.84,0.0,3061
8378563200,4/28/2016,5417,4.3,4.3,0.0,2884
8378563200,4/29/2016,6175,4.9,4.9,0.0,2982
8378563200,4/30/2016,2946,2.34,2.34,0.0,2660
8378563200,5/1/2016,11419,9.06,9.06,0.0,3369
8378563200,5/2/2016,6064,4.81,4.81,2.0921471118927,3491
8378563200,5/3/2016,8712,6.91,6.91,2.25308108329773,3784
8378563200,5/4/2016,7875,6.24,6.24,0.0,3110
8378563200,5/5/2016,8567,6.79,6.79,2.25308108329773,3783
8378563200,5/6/2016,7045,5.59,5.59,2.0921471118927,3644
8378563200,5/7/2016,4468,3.54,3.54,0.0,2799
8378563200,5/8/2016,2943,2.33,2.33,0.0,2685
8378563200,5/9/2016,8382,6.65,6.65,2.0921471118927,3721
8378563200,5/10/2016,6582,5.22,5.22,2.25308108329773,3586
8378563200,5/11/2016,9143,7.25,7.25,2.0921471118927,3788
8378563200,5/12/2016,4561,3.62,3.62,0.0,1976
8583815059,4/12/2016,5014,3.91,3.91,0.0,2650
8583815059,4/13/2016,5571,4.35,4.35,0.0,2654
8583815059,4/14/2016,3135,2.45,2.45,0.0,2443
8583815059,4/15/2016,3430,2.68,2.68,0.0,2505
8583815059,4/16/2016,5319,4.15,4.15,0.0,2693
8583815059,4/17/2016,3008,2.35,2.35,0.0,2439
8583815059,4/18/2016,3864,3.01,3.01,0.0,2536
8583815059,4/19/2016,5697,4.44,4.44,0.0,2668
8583815059,4/20/2016,5273,4.11,4.11,0.0,2647
8583815059,4/21/2016,8538,6.66,6.66,0.0,2883
8583815059,4/22/2016,8687,6.78,6.78,0.0,2944
8583815059,4/23/2016,9423,7.35,7.35,0.0,3012
8583815059,4/24/2016,8286,6.46,6.46,0.0,2889
8583815059,4/25/2016,4503,3.51,3.51,0.0,2547
8583815059,4/26/2016,10499,8.19,8.19,0.0,3093
8583815059,4/27/2016,12474,9.73,9.73,0.0,3142
8583815059,4/28/2016,6174,4.82,4.82,0.0,2757
8583815059,4/29/2016,15168,11.83,11.83,0.0,3513
8583815059,4/30/2016,10085,7.87,7.87,0.0,3164
8583815059,5/1/2016,4512,3.52,3.52,0.0,2596
8583815059,5/2/2016,8469,6.61,6.61,0.0,2894
8583815059,5/3/2016,12015,9.37,9.37,0.0,3212
8583815059,5/4/2016,3588,2.8,2.8,0.0,2516
8583815059,5/5/2016,12427,9.69,9.69,0.0,3266
8583815059,5/6/2016,5843,4.56,4.56,0.0,2683
8583815059,5/7/2016,6117,4.77,4.77,0.0,2810
8583815059,5/8/2016,9217,7.19,7.19,0.0,2940
8583815059,5/9/2016,9877,7.7,7.7,0.0,2947
8583815059,5/10/2016,8240,6.43,6.43,0.0,2846
8583815059,5/11/2016,8701,6.79,6.79,0.0,2804
8583815059,5/12/2016,0,0.0,0.0,0.0,0
8792009665,4/12/2016,2564,1.64,1.64,0.0,2044
8792009665,4/13/2016,1320,0.84,0.84,0.0,1934
8792009665,4/14/2016,1219,0.78,0.78,0.0,1963
8792009665,4/15/2016,2483,1.59,1.59,0.0,2009
8792009665,4/16/2016,244,0.16,0.16,0.0,1721
8792009665,4/17/2016,0,0.0,0.0,0.0,1688
8792009665,4/18/2016,0,0.0,0.0,0.0,1688
8792009665,4/19/2016,0,0.0,0.0,0.0,1688
8792009665,4/20/2016,3147,2.01,2.01,0.0,2188
8792009665,4/21/2016,144,0.09,0.09,0.0,1720
8792009665,4/22/2016,4068,2.6,2.6,0.0,2419
8792009665,4/23/2016,5245,3.36,3.36,0.0,2748
8792009665,4/24/2016,400,0.26,0.26,0.0,1799
8792009665,4/25/2016,0,0.0,0.0,0.0,1688
8792009665,4/26/2016,1321,0.85,0.85,0.0,1928
8792009665,4/27/2016,1758,1.13,1.13,0.0,2067
8792009665,4/28/2016,6157,3.94,3.94,0.0,2780
8792009665,4/29/2016,8360,5.35,5.35,0.0,3101
8792009665,4/30/2016,7174,4.59,4.59,0.0,2896
8792009665,5/1/2016,1619,1.04,1.04,0.0,1962
8792009665,5/2/2016,1831,1.17,1.17,0.0,2015
8792009665,5/3/2016,2421,1.55,1.55,0.0,2297
8792009665,5/4/2016,2283,1.46,1.46,0.0,2067
8792009665,5/5/2016,0,0.0,0.0,0.0,1688
8792009665,5/6/2016,0,0.0,0.0,0.0,1688
8792009665,5/7/2016,0,0.0,0.0,0.0,1688
8792009665,5/8/2016,0,0.0,0.0,0.0,1688
8792009665,5/9/2016,0,0.0,0.0,0.0,1688
8792009665,5/10/2016,0,0.0,0.0,0.0,57
8877689391,4/12/2016,23186,20.4,20.4,0.0,3921
8877689391,4/13/2016,15337,9.58,9.58,0.0,3566
8877689391,4/14/2016,21129,18.98,18.98,0.0,3793
8877689391,4/15/2016,13422,7.17,7.17,0.0,3934
8877689391,4/16/2016,29326,25.29,25.29,0.0,4547
8877689391,4/17/2016,15118,8.87,8.87,0.0,3545
8877689391,4/18/2016,11423,8.67,8.67,0.0,2761
8877689391,4/19/2016,18785,17.4,17.4,0.0,3676
8877689391,4/20/2016,19948,18.11,18.11,0.0,3679
8877689391,4/21/2016,19377,17.62,17.62,0.0,3659
8877689391,4/22/2016,18258,16.31,16.31,0.0,3427
8877689391,4/23/2016,11200,7.43,7.43,0.0,3891
8877689391,4/24/2016,16674,15.74,15.74,0.0,3455
8877689391,4/25/2016,12986,8.74,8.74,0.0,3802
8877689391,4/26/2016,11101,8.43,8.43,0.0,2860
8877689391,4/27/2016,23629,20.65,20.65,0.0,3808
8877689391,4/28/2016,14890,11.3,11.3,0.0,3060
8877689391,4/29/2016,9733,7.39,7.39,0.0,2698
8877689391,4/30/2016,27745,26.72,26.72,0.0,4398
8877689391,5/1/2016,10930,8.32,8.32,0.0,2786
8877689391,5/2/2016,4790,3.64,3.64,0.0,2189
8877689391,5/3/2016,10818,8.21,8.21,0.0,2817
8877689391,5/4/2016,18193,16.3,16.3,0.0,3477
8877689391,5/5/2016,14055,10.67,10.67,0.0,3052
8877689391,5/6/2016,21727,19.34,19.34,0.0,4015
8877689391,5/7/2016,12332,8.13,8.13,0.0,4142
8877689391,5/8/2016,10686,8.11,8.11,0.0,2847
8877689391,5/9/2016,20226,18.25,18.25,0.0,3710
8877689391,5/10/2016,10733,8.15,8.15,0.0,2832
8877689391,5/11/2016,21420,19.56,19.56,0.0,3832
8877689391,5/12/2016,8064,6.12,6.12,0.0,1849
